"","Locus1","Locus2","Locus3","Locus4","Locus5","Locus6","Locus7","Locus8","Locus9"
"1",1,1,0,2,2,0,2,1,2
"2",0,0,1,2,0,2,1,1,2
"3",0,2,1,1,0,1,2,0,2
"4",2,0,0,2,1,2,2,1,2
"5",2,0,2,2,2,1,2,0,2
"6",0,1,0,0,2,2,2,2,2
"7",0,0,2,1,2,2,1,2,2
"8",0,0,2,1,1,1,0,2,2
"9",2,1,0,1,0,1,1,2,2
"10",0,1,0,2,2,0,2,2,2
"11",1,0,1,1,1,2,2,1,2
"12",0,1,1,0,1,2,2,0,0
"13",0,0,0,0,0,2,2,1,0
"14",1,0,2,2,0,1,2,2,2
"15",1,0,0,0,2,1,2,2,2
"16",0,1,1,0,0,2,2,0,2
"17",0,0,2,0,1,1,0,1,2
"18",0,0,0,0,2,1,2,2,2
"19",0,0,0,1,1,2,2,0,2
"20",1,2,2,0,0,1,2,2,2
"21",0,0,1,1,0,1,2,2,2
"22",0,0,1,0,1,2,2,2,2
"23",1,1,2,1,0,1,2,2,2
"24",1,2,1,1,1,2,1,2,2
"25",0,0,2,1,1,1,2,0,2
"26",0,1,1,2,0,0,1,1,2
"27",1,0,2,2,1,1,1,2,1
"28",0,1,1,1,0,2,2,2,2
"29",0,1,0,1,1,2,2,1,2
"30",0,1,2,0,2,2,2,2,2
"31",0,1,1,0,2,0,2,1,2
"32",2,0,2,0,2,1,1,0,2
"33",0,0,0,1,1,1,1,2,2
"34",0,0,0,0,2,2,1,0,2
"35",0,1,1,0,1,1,2,2,2
"36",0,0,0,0,2,0,1,2,2
"37",1,0,1,1,1,2,2,2,2
"38",0,0,2,0,1,1,1,1,2
"39",0,1,0,1,0,2,2,2,2
"40",0,2,0,2,1,2,2,1,2
"41",0,0,2,0,2,2,2,1,2
"42",0,0,1,2,1,1,2,2,2
"43",0,2,0,2,0,1,2,2,2
"44",0,1,0,0,2,2,2,0,2
"45",0,0,0,0,1,1,0,2,2
"46",0,0,1,0,0,2,0,1,1
"47",0,0,1,1,0,2,0,2,2
"48",0,0,0,2,2,2,0,2,2
"49",0,0,0,1,2,2,2,2,2
"50",0,0,1,1,0,1,0,2,2
"51",0,1,1,1,0,1,2,2,2
"52",0,1,0,0,0,2,1,2,2
"53",0,0,1,0,2,1,0,2,2
"54",1,0,0,1,2,2,2,2,2
"55",0,1,1,1,2,1,1,2,2
"56",0,0,0,0,0,2,2,2,2
"57",1,0,1,0,2,2,2,1,2
"58",0,1,0,2,2,2,1,2,2
"59",0,1,1,0,2,2,2,0,0
"60",1,2,2,1,2,2,2,2,2
"61",1,1,0,1,0,0,1,2,2
"62",0,0,2,2,1,2,1,2,1
"63",0,0,1,0,0,2,2,2,2
"64",0,0,0,2,1,2,2,2,2
"65",0,0,0,0,0,2,2,1,2
"66",0,0,1,2,0,2,2,2,2
"67",0,1,0,0,2,2,2,1,2
"68",0,0,0,1,1,2,1,1,2
"69",0,0,2,1,0,2,0,2,2
"70",0,0,0,1,1,1,1,2,2
"71",0,0,1,2,0,1,1,2,2
"72",0,0,1,2,2,2,2,1,2
"73",0,0,0,0,0,2,0,2,2
"74",0,0,1,0,0,1,0,2,1
"75",0,0,0,1,1,0,2,1,0
"76",1,0,2,0,0,2,1,2,1
"77",0,0,0,0,0,1,0,1,0
"78",0,1,1,1,2,0,2,0,1
"79",0,0,0,2,0,1,2,0,1
"80",0,0,2,2,1,0,0,2,2
"81",0,0,0,1,0,2,2,2,2
"82",0,0,2,0,1,0,0,2,2
"83",0,0,0,0,2,2,2,1,2
"84",1,0,0,0,2,1,2,2,2
"85",0,1,2,2,0,2,2,2,2
"86",0,0,0,0,1,1,1,2,0
"87",0,0,1,1,2,2,1,2,2
"88",0,0,0,1,1,2,0,1,2
"89",1,0,0,0,2,2,2,2,1
"90",0,0,2,2,0,1,1,0,2
"91",0,0,0,1,0,0,2,1,1
"92",0,0,1,1,0,1,0,2,2
"93",0,0,1,0,2,2,2,2,2
"94",1,2,0,1,2,2,2,2,2
"95",0,0,0,1,1,2,1,0,2
"96",0,0,0,0,1,1,0,2,2
"97",0,2,0,2,1,0,2,1,2
"98",0,1,2,0,0,2,1,2,0
"99",0,0,0,0,2,1,2,1,2
"100",0,0,2,2,2,2,2,2,2
"101",0,0,2,2,0,0,2,2,2
"102",0,0,0,1,0,0,1,2,2
"103",0,0,0,1,0,2,2,2,2
"104",0,1,0,0,1,0,1,2,2
"105",0,1,2,2,0,0,1,1,2
"106",0,2,0,2,2,0,1,0,2
"107",0,2,0,1,2,2,1,1,2
"108",0,0,2,0,1,1,1,2,2
"109",0,0,0,1,0,1,1,2,0
"110",0,0,1,1,2,2,1,2,2
"111",0,0,0,1,1,2,1,1,2
"112",0,0,0,2,0,1,1,2,2
"113",0,0,2,1,2,2,0,2,2
"114",0,0,1,0,0,1,1,2,1
"115",0,0,2,1,0,1,2,2,1
"116",0,0,0,0,1,0,2,0,2
"117",0,0,1,1,1,2,2,0,2
"118",0,0,0,0,1,1,2,1,2
"119",0,2,0,0,1,1,2,2,2
"120",0,0,1,0,2,1,2,2,2
"121",0,0,0,0,1,2,2,2,1
"122",0,1,1,0,1,1,0,2,2
"123",0,0,0,1,0,1,2,2,2
"124",0,0,0,1,1,0,1,2,2
"125",0,0,0,0,0,1,1,1,2
"126",0,2,0,2,0,1,1,2,2
"127",0,0,0,2,0,1,1,2,2
"128",0,0,1,0,0,2,2,2,1
"129",0,0,0,0,2,2,2,2,2
"130",0,0,2,0,1,2,2,1,2
"131",0,1,0,1,0,0,0,2,2
"132",2,0,1,1,2,1,2,2,2
"133",0,0,2,0,0,2,2,2,2
"134",0,0,1,0,1,0,2,2,2
"135",0,2,1,2,0,0,2,2,2
"136",0,0,0,2,0,2,0,1,1
"137",0,0,0,0,0,1,2,1,2
"138",0,0,0,1,1,1,0,2,0
"139",0,0,2,0,1,0,2,2,2
"140",0,0,1,0,0,2,2,2,2
"141",0,0,0,2,0,0,0,2,2
"142",0,0,2,1,0,1,2,1,2
"143",0,1,0,1,2,1,2,2,2
"144",0,0,0,1,1,2,2,2,2
"145",0,0,1,0,0,2,1,0,2
"146",0,0,0,0,1,1,2,2,2
"147",1,0,0,0,1,2,2,1,2
"148",0,0,1,1,0,1,2,2,2
"149",1,2,1,0,2,0,1,2,2
"150",0,0,0,0,1,2,2,0,2
"151",0,1,0,0,1,0,2,1,2
"152",0,0,1,0,0,2,0,0,2
"153",0,0,0,0,0,2,2,2,2
"154",0,0,1,1,1,1,2,2,2
"155",0,1,1,1,0,1,1,2,1
"156",0,0,0,1,0,0,2,2,2
"157",0,0,0,2,0,2,1,1,2
"158",2,1,2,1,2,0,2,0,2
"159",1,0,0,1,1,1,1,2,2
"160",0,0,2,2,1,1,0,2,2
"161",0,0,1,0,0,0,2,2,2
"162",0,0,0,1,2,2,1,1,2
"163",0,2,1,1,0,0,2,2,2
"164",0,0,0,0,2,2,1,1,2
"165",0,0,1,1,1,2,1,2,2
"166",0,1,0,0,0,2,1,2,2
"167",0,0,0,2,0,2,2,2,1
"168",0,1,0,1,2,0,1,2,2
"169",0,2,1,0,1,1,0,2,2
"170",0,1,0,0,0,0,2,2,0
"171",1,0,1,1,1,0,2,2,2
"172",0,0,0,0,0,0,2,2,2
"173",0,0,1,0,1,2,2,0,2
"174",0,2,2,0,2,1,2,0,2
"175",0,1,1,1,2,2,0,2,2
"176",0,0,0,0,0,2,2,1,2
"177",0,1,1,2,1,2,1,2,2
"178",0,0,0,0,2,1,1,2,2
"179",0,0,1,1,1,1,2,2,2
"180",0,0,1,0,2,2,1,2,2
"181",0,0,1,1,1,1,2,2,2
"182",0,0,2,2,1,2,2,2,2
"183",0,0,0,1,2,0,2,2,2
"184",2,0,0,1,0,0,0,2,2
"185",0,2,0,0,1,1,1,2,0
"186",0,0,2,1,2,2,1,2,2
"187",0,0,0,0,1,1,2,1,2
"188",0,0,1,0,2,2,2,2,2
"189",0,0,1,2,0,0,2,2,2
"190",0,0,2,2,1,1,2,1,2
"191",0,1,0,2,1,1,2,1,2
"192",0,0,2,2,1,2,1,1,2
"193",0,0,0,2,1,1,2,0,2
"194",0,0,1,1,2,1,2,2,2
"195",1,1,0,2,1,0,2,2,2
"196",0,1,1,0,1,2,0,2,2
"197",0,1,1,1,2,1,2,2,2
"198",0,0,0,1,0,2,0,2,2
"199",0,0,2,0,0,2,1,2,2
"200",0,0,1,1,1,0,1,2,1
"201",0,2,1,1,2,1,2,2,2
"202",0,0,1,0,0,1,0,1,2
"203",1,2,1,0,0,1,2,2,2
"204",0,0,0,2,1,0,2,2,2
"205",0,0,0,0,0,2,1,2,2
"206",0,0,0,1,2,1,2,2,1
"207",1,0,0,1,0,0,2,2,2
"208",0,0,1,0,2,0,1,1,2
"209",0,0,2,2,2,1,2,2,2
"210",0,0,1,2,0,2,2,2,2
"211",0,0,0,0,0,0,2,2,1
"212",0,0,1,1,1,2,2,2,2
"213",0,1,0,0,2,0,1,2,2
"214",0,0,1,1,1,2,2,2,2
"215",0,1,0,2,0,0,1,1,2
"216",0,1,0,1,1,0,2,2,2
"217",0,1,2,1,0,1,2,0,2
"218",0,0,1,1,0,0,0,2,2
"219",0,1,0,0,1,0,1,1,2
"220",0,0,2,1,1,1,2,2,2
"221",0,0,0,0,1,0,1,2,2
"222",0,0,2,2,0,0,2,2,2
"223",0,0,2,1,2,0,2,1,2
"224",0,1,0,0,1,1,0,2,2
"225",1,1,0,2,1,0,2,2,2
"226",0,0,0,2,0,1,2,1,2
"227",0,0,0,2,0,0,2,0,2
"228",0,0,1,1,2,2,2,1,2
"229",0,0,1,0,1,2,1,1,2
"230",0,0,0,1,2,1,2,1,2
"231",0,1,0,0,0,2,1,2,2
"232",0,0,0,1,1,1,0,2,2
"233",1,0,1,1,1,2,1,2,2
"234",0,1,1,0,2,0,0,2,2
"235",0,1,0,2,1,0,1,0,2
"236",0,0,2,0,2,2,1,1,2
"237",0,0,0,0,0,2,1,1,2
"238",0,2,1,2,2,2,0,2,2
"239",0,0,0,2,0,2,2,2,2
"240",0,0,1,1,1,0,1,2,2
"241",1,1,0,0,2,1,2,1,2
"242",2,0,0,1,0,1,2,2,1
"243",0,0,1,1,2,0,1,2,2
"244",0,1,0,0,0,1,0,0,2
"245",0,0,0,0,1,2,2,1,2
"246",0,0,0,1,1,0,2,2,1
"247",0,1,0,0,2,1,0,1,2
"248",2,1,1,1,1,2,1,2,2
"249",0,0,0,1,2,1,2,2,2
"250",0,0,0,0,2,0,1,2,2
"251",0,2,1,1,2,2,0,1,2
"252",0,0,1,0,1,0,1,2,1
"253",0,0,0,1,0,0,2,2,2
"254",0,2,0,2,1,2,2,2,2
"255",0,1,1,1,2,2,2,2,2
"256",0,0,1,1,0,2,1,1,2
"257",0,1,0,0,0,2,2,2,1
"258",0,0,0,2,2,2,1,2,2
"259",0,0,1,1,1,2,1,2,1
"260",0,0,0,1,1,1,2,2,2
"261",1,0,1,0,1,0,1,2,2
"262",0,0,0,0,2,2,2,0,2
"263",0,0,0,2,1,2,1,2,2
"264",0,0,1,1,0,0,2,2,2
"265",0,0,0,0,1,2,1,2,2
"266",0,0,0,1,2,2,2,0,2
"267",0,0,1,1,0,1,2,2,2
"268",0,2,0,0,1,2,1,2,2
"269",0,0,0,2,1,2,2,2,1
"270",1,2,0,0,2,1,2,2,2
"271",0,0,1,0,1,0,2,2,2
"272",2,1,0,0,1,2,1,2,2
"273",0,1,0,1,0,2,0,0,1
"274",0,0,0,0,2,2,1,2,2
"275",0,0,0,2,1,2,2,2,2
"276",0,1,0,1,1,1,1,2,2
"277",0,0,2,0,0,1,2,2,1
"278",0,0,1,2,1,2,1,2,2
"279",0,0,1,1,0,2,2,2,2
"280",0,1,0,0,0,1,1,0,2
"281",1,0,0,2,0,2,2,0,2
"282",0,0,0,1,0,1,2,2,2
"283",0,0,2,0,2,2,1,2,2
"284",1,0,0,0,0,2,2,2,2
"285",0,0,0,1,0,0,1,1,0
"286",0,1,0,0,2,0,2,1,0
"287",0,1,0,1,2,1,1,1,1
"288",0,0,0,0,2,0,1,2,2
"289",0,0,0,0,1,2,2,1,2
"290",0,1,2,0,0,1,0,2,2
"291",0,0,2,1,2,1,0,2,2
"292",0,1,0,2,1,0,1,1,2
"293",0,0,2,1,1,2,2,2,1
"294",0,1,0,2,1,0,2,2,2
"295",1,1,1,1,1,0,2,0,2
"296",0,0,1,1,0,2,2,2,2
"297",0,0,1,2,1,2,2,2,2
"298",1,0,0,2,1,1,2,0,2
"299",1,2,1,0,2,2,2,2,2
"300",0,0,1,1,1,0,1,2,2
"301",0,0,1,1,1,1,1,2,2
"302",0,0,1,1,0,0,0,2,2
"303",0,1,0,0,0,1,2,2,2
"304",0,1,1,2,2,2,1,2,0
"305",2,1,1,1,0,0,1,1,0
"306",0,1,0,0,1,2,2,2,2
"307",0,1,0,1,1,2,2,1,2
"308",0,1,0,0,0,1,2,2,2
"309",0,0,1,0,0,2,2,2,2
"310",0,0,1,0,1,2,1,2,2
"311",0,2,0,2,0,0,2,0,2
"312",0,0,1,1,2,1,1,2,2
"313",0,0,1,1,0,1,2,2,2
"314",0,0,2,1,2,1,1,2,2
"315",0,0,0,0,0,0,2,2,2
"316",0,0,0,1,2,2,2,2,2
"317",0,0,1,1,2,0,2,2,2
"318",2,0,0,2,1,1,2,2,2
"319",0,2,2,1,0,2,0,2,2
"320",0,0,2,0,2,2,2,2,2
"321",0,0,2,0,1,1,2,1,2
"322",0,0,1,1,0,2,0,2,2
"323",2,1,1,0,0,1,1,2,2
"324",1,0,0,0,2,2,2,2,2
"325",0,0,0,0,2,2,2,2,2
"326",1,2,0,1,1,1,2,1,2
"327",0,0,1,0,0,2,2,0,2
"328",0,0,2,0,0,1,2,1,2
"329",0,0,2,2,1,2,1,2,2
"330",0,0,1,1,1,1,1,0,2
"331",0,0,1,0,0,0,2,1,1
"332",0,1,0,2,2,2,2,1,2
"333",1,1,0,2,0,0,0,2,2
"334",0,0,2,0,1,2,2,2,2
"335",0,0,0,1,2,1,2,2,2
"336",0,0,1,0,0,1,0,2,2
"337",0,0,0,1,0,2,1,1,2
"338",0,0,2,1,2,0,2,2,2
"339",0,0,0,2,0,1,1,1,2
"340",0,2,0,2,2,1,0,2,2
"341",0,0,1,2,1,1,1,0,0
"342",0,1,2,1,2,2,2,1,2
"343",0,0,1,0,0,1,0,1,2
"344",0,0,0,1,0,1,1,2,2
"345",0,0,1,0,1,2,2,1,2
"346",1,2,0,1,0,0,2,2,2
"347",0,0,1,1,0,0,2,2,2
"348",0,1,1,1,1,1,2,2,2
"349",0,1,0,0,2,1,2,2,2
"350",0,0,2,0,1,0,2,2,0
"351",0,0,1,0,1,1,2,2,2
"352",0,0,2,0,2,2,1,1,2
"353",1,0,0,0,1,0,1,1,2
"354",0,0,0,0,0,0,0,2,1
"355",0,0,0,2,0,1,2,2,2
"356",1,1,0,1,2,2,2,2,2
"357",1,2,1,2,1,0,2,2,2
"358",0,0,0,0,2,2,2,2,2
"359",0,1,0,0,1,2,2,1,2
"360",0,0,0,0,2,2,2,2,2
"361",0,0,0,1,0,2,2,0,2
"362",0,0,1,0,1,0,1,2,2
"363",0,0,0,0,0,0,1,2,2
"364",0,1,0,0,1,2,2,2,2
"365",0,0,1,2,1,1,1,2,2
"366",1,0,1,0,1,1,1,2,2
"367",0,1,1,0,2,0,2,2,2
"368",1,0,0,2,2,2,2,2,0
"369",1,0,2,0,2,2,2,1,2
"370",0,0,2,0,0,2,2,2,1
"371",1,0,0,0,0,1,1,2,2
"372",0,0,0,1,1,1,2,1,2
"373",0,0,0,0,1,2,2,0,2
"374",0,0,2,2,0,1,1,2,2
"375",0,0,0,1,2,0,1,2,2
"376",2,1,0,0,1,0,1,2,2
"377",0,0,2,0,2,0,1,2,2
"378",0,0,0,2,2,0,2,2,2
"379",0,1,1,1,1,1,2,2,2
"380",0,1,1,0,1,2,2,1,2
"381",0,0,0,1,1,1,0,2,1
"382",0,2,0,2,1,1,0,1,0
"383",0,1,0,0,2,2,0,2,1
"384",0,0,2,0,0,2,1,2,2
"385",0,1,0,0,2,2,2,2,2
"386",1,0,0,0,0,0,2,2,2
"387",0,0,1,0,2,2,2,2,2
"388",1,0,0,0,2,0,1,2,2
"389",1,0,0,0,1,1,2,2,2
"390",1,0,2,1,1,1,0,2,2
"391",0,1,2,2,1,2,2,2,2
"392",1,0,0,2,1,1,2,2,2
"393",0,0,0,1,1,0,2,2,1
"394",0,0,2,1,0,2,2,2,1
"395",0,0,0,2,2,1,2,2,2
"396",0,0,2,0,1,2,2,2,2
"397",0,0,0,0,2,1,1,2,2
"398",0,1,2,0,2,2,1,1,2
"399",0,0,0,0,2,0,1,2,2
"400",0,0,0,1,0,1,2,1,0
"401",0,0,0,2,0,1,0,2,2
"402",0,0,1,0,1,2,2,2,2
"403",1,0,1,2,2,2,1,2,2
"404",0,1,0,1,1,1,1,2,2
"405",0,0,2,1,2,1,1,2,2
"406",1,0,1,0,0,2,2,1,2
"407",0,2,1,0,1,2,2,2,2
"408",0,0,1,1,2,1,1,1,2
"409",1,0,1,1,1,2,2,1,2
"410",2,0,1,0,2,0,2,2,2
"411",0,0,0,1,2,0,1,2,1
"412",0,1,1,1,0,0,2,2,2
"413",0,0,0,0,2,2,2,1,2
"414",0,0,2,0,0,1,0,2,2
"415",0,1,1,0,2,2,2,2,2
"416",0,1,0,2,0,2,1,2,1
"417",0,0,0,0,0,2,2,2,1
"418",0,0,1,0,1,1,2,2,2
"419",0,0,0,2,2,1,2,2,2
"420",0,0,2,2,2,2,2,2,2
"421",0,0,1,2,0,2,2,2,1
"422",0,0,1,1,0,2,2,2,2
"423",0,1,0,1,2,0,2,2,2
"424",1,0,2,0,2,1,2,1,2
"425",0,0,1,0,2,1,2,2,2
"426",0,0,2,1,0,2,2,1,2
"427",1,0,2,0,0,2,0,0,1
"428",0,0,1,1,2,0,1,2,2
"429",0,0,0,1,2,0,2,2,2
"430",1,0,1,0,1,1,0,1,2
"431",0,0,0,1,2,0,1,2,2
"432",0,0,0,1,0,0,2,2,2
"433",0,0,0,0,2,2,1,0,2
"434",0,0,0,2,0,2,2,2,1
"435",0,0,2,1,0,1,1,2,2
"436",0,0,1,1,0,1,1,2,2
"437",0,2,0,1,2,2,0,1,2
"438",0,0,2,2,2,2,2,1,2
"439",0,0,1,2,2,1,2,2,1
"440",0,0,0,1,0,2,2,1,2
"441",1,0,1,1,0,2,1,2,2
"442",0,2,0,2,2,1,1,1,2
"443",0,0,0,2,0,1,1,0,2
"444",0,0,0,1,1,1,0,2,2
"445",0,1,2,0,0,0,2,2,2
"446",0,0,1,1,0,2,2,1,2
"447",0,0,0,0,0,2,1,1,2
"448",1,0,1,2,1,2,2,1,2
"449",1,0,0,1,1,1,2,1,2
"450",0,0,0,1,0,2,2,2,2
"451",0,0,0,1,2,1,2,2,2
"452",0,0,0,0,1,1,1,2,2
"453",0,1,1,0,1,2,1,1,2
"454",0,0,0,0,2,1,2,2,2
"455",0,1,1,0,1,1,2,2,2
"456",1,2,2,0,2,2,2,2,2
"457",0,0,1,1,1,1,1,2,2
"458",0,0,0,2,2,2,1,2,2
"459",0,0,0,1,2,0,1,2,2
"460",1,1,0,2,1,2,2,1,2
"461",0,1,0,1,2,2,0,2,1
"462",0,2,0,2,2,0,2,2,2
"463",0,0,0,0,1,1,2,2,2
"464",0,0,2,0,0,2,2,2,2
"465",0,0,1,0,2,1,2,1,2
"466",0,0,0,2,0,0,1,2,1
"467",0,0,1,1,2,1,2,1,2
"468",0,0,1,0,2,2,2,2,2
"469",0,1,1,0,0,2,1,2,1
"470",0,0,2,1,0,2,2,2,2
"471",0,2,1,0,1,0,2,2,2
"472",0,0,2,1,2,1,2,2,1
"473",0,0,1,0,1,1,2,1,2
"474",0,1,0,0,0,2,1,2,2
"475",0,0,1,2,2,1,1,2,2
"476",0,0,0,0,0,1,2,2,1
"477",0,0,0,1,1,1,1,2,2
"478",0,0,1,0,0,1,1,1,2
"479",1,1,0,1,1,0,0,2,2
"480",0,1,2,0,0,2,2,0,1
"481",0,0,1,2,2,2,0,2,2
"482",0,0,1,1,0,2,2,2,2
"483",0,0,2,1,1,1,0,2,2
"484",0,2,1,1,1,1,2,1,2
"485",0,0,1,1,0,1,0,2,2
"486",0,0,1,0,2,1,2,2,2
"487",0,0,2,1,1,0,2,2,2
"488",1,0,1,0,2,1,1,1,2
"489",0,1,2,0,1,0,1,1,2
"490",0,2,0,1,1,1,2,0,2
"491",0,2,1,2,0,2,1,1,2
"492",0,0,0,1,1,2,1,2,2
"493",0,0,1,2,0,1,2,1,2
"494",0,0,2,1,2,1,2,2,2
"495",0,1,0,1,1,2,0,1,2
"496",1,0,1,0,2,2,1,2,1
"497",0,1,0,1,2,2,1,2,2
"498",2,1,1,0,1,2,1,2,1
"499",0,1,0,2,2,2,0,0,2
"500",1,0,1,1,0,1,2,2,2
"501",0,0,0,0,1,2,0,2,0
"502",0,2,2,2,2,1,1,2,2
"503",2,0,1,0,1,1,1,2,1
"504",1,2,1,1,0,2,1,2,2
"505",0,1,1,1,1,0,2,2,2
"506",0,0,2,1,1,2,2,2,2
"507",0,0,2,1,1,1,2,2,2
"508",0,1,0,1,0,1,1,1,2
"509",0,1,1,1,1,0,2,0,2
"510",2,0,2,0,2,0,1,0,2
"511",0,1,2,2,2,1,1,2,2
"512",0,1,0,0,2,2,2,2,2
"513",0,0,0,1,1,2,2,1,2
"514",0,0,1,2,2,0,2,2,2
"515",2,1,2,1,0,2,0,2,2
"516",0,0,0,0,0,1,2,2,2
"517",0,1,1,1,1,1,2,1,2
"518",0,0,0,0,2,1,2,0,2
"519",0,0,0,1,0,2,2,1,2
"520",0,0,0,2,0,0,1,2,2
"521",0,1,0,0,1,2,1,2,2
"522",0,0,1,2,1,0,2,1,2
"523",0,0,0,0,2,1,1,2,2
"524",0,0,0,0,1,1,2,2,2
"525",2,2,0,0,2,2,2,2,2
"526",0,1,0,1,2,2,1,2,2
"527",1,0,0,0,2,0,2,1,2
"528",0,0,2,0,1,2,2,2,2
"529",0,0,0,0,1,1,2,0,2
"530",0,0,1,0,2,2,2,1,1
"531",0,1,0,0,2,2,0,1,2
"532",1,0,2,1,0,2,0,1,2
"533",0,0,0,1,1,1,1,2,2
"534",0,1,0,2,2,0,2,2,2
"535",0,0,2,0,0,2,2,1,2
"536",1,0,1,1,0,0,1,0,1
"537",0,0,0,1,0,1,2,2,2
"538",0,0,0,1,1,2,0,1,1
"539",0,0,1,0,0,1,1,2,1
"540",0,0,0,0,1,2,2,2,2
"541",0,0,0,0,1,1,1,2,2
"542",0,0,0,0,1,0,2,2,2
"543",0,1,1,2,0,1,1,0,2
"544",0,2,0,0,0,0,2,1,2
"545",0,1,1,0,1,1,0,2,2
"546",1,0,1,0,0,1,2,1,2
"547",0,1,1,2,0,2,2,0,2
"548",0,1,0,0,0,0,0,0,2
"549",0,0,0,0,2,1,2,2,2
"550",2,1,1,2,0,1,2,2,2
"551",0,0,2,1,0,2,1,0,2
"552",1,0,0,0,1,2,2,2,2
"553",0,1,0,1,1,2,2,1,2
"554",0,2,1,1,2,1,0,2,1
"555",0,0,2,1,0,2,2,2,1
"556",1,0,0,2,1,1,1,2,2
"557",0,0,1,0,0,1,2,2,2
"558",0,0,0,0,2,0,1,0,2
"559",1,0,1,0,0,1,2,1,2
"560",0,1,1,0,0,0,2,0,2
"561",0,0,2,0,0,1,2,1,2
"562",0,0,1,2,2,2,0,2,1
"563",1,1,0,0,1,2,1,1,0
"564",1,0,1,0,1,2,2,2,2
"565",0,0,0,2,1,2,1,2,2
"566",1,0,1,1,1,1,0,1,2
"567",0,1,0,0,0,1,2,2,2
"568",0,1,0,1,2,1,2,2,2
"569",0,0,0,1,2,0,2,2,1
"570",0,1,0,2,0,2,1,2,2
"571",2,0,0,1,0,2,1,2,2
"572",0,1,2,0,0,2,1,2,2
"573",0,0,0,0,0,0,2,2,2
"574",1,2,0,1,0,1,2,2,2
"575",0,0,2,1,1,2,2,2,0
"576",0,0,1,0,0,0,0,2,2
"577",0,0,1,1,1,2,1,1,2
"578",0,0,2,2,1,1,1,2,2
"579",1,1,1,2,1,1,1,2,2
"580",1,0,2,2,0,2,2,1,2
"581",1,0,0,2,2,0,0,1,1
"582",0,1,0,2,0,1,1,2,2
"583",0,1,1,0,0,0,0,2,2
"584",0,0,1,2,1,1,2,2,2
"585",0,1,1,2,0,1,2,2,1
"586",0,0,2,0,1,2,0,0,2
"587",1,0,0,1,0,1,1,1,2
"588",2,0,0,2,0,0,2,0,2
"589",0,0,0,2,2,1,0,2,1
"590",2,0,0,1,0,2,2,2,2
"591",0,0,0,2,1,2,2,2,2
"592",0,0,0,0,1,2,1,2,1
"593",0,0,1,1,2,1,2,2,2
"594",0,0,0,2,1,2,1,0,0
"595",0,0,2,0,1,1,2,1,2
"596",1,0,1,0,0,2,2,0,2
"597",0,0,2,0,1,0,1,1,2
"598",0,0,0,0,1,1,1,2,2
"599",0,0,0,0,0,2,2,2,2
"600",0,0,2,0,0,1,0,2,2
"601",0,2,1,1,2,2,2,2,2
"602",0,0,0,1,2,1,2,2,2
"603",1,1,0,0,1,2,2,1,2
"604",0,0,0,0,2,1,1,2,2
"605",0,0,0,2,0,2,2,2,0
"606",0,1,0,0,2,1,0,2,2
"607",1,0,0,1,2,2,1,0,2
"608",0,0,1,1,1,0,1,2,2
"609",1,1,0,0,1,2,0,1,2
"610",0,2,0,2,1,2,0,0,2
"611",0,0,1,0,2,0,0,2,1
"612",1,1,1,1,0,2,0,0,2
"613",0,0,0,0,2,0,1,0,2
"614",0,0,1,1,2,0,1,2,2
"615",0,0,0,0,1,2,1,2,2
"616",0,0,1,1,1,1,2,1,2
"617",1,0,2,0,1,2,1,1,2
"618",0,0,0,0,1,1,2,2,2
"619",0,0,0,1,0,1,2,1,2
"620",0,0,0,1,2,2,2,1,1
"621",0,0,0,0,0,0,0,2,2
"622",0,0,2,0,0,2,2,2,1
"623",0,0,0,0,2,2,2,0,2
"624",0,0,1,0,1,2,2,2,1
"625",1,1,0,2,1,2,2,2,2
"626",0,1,1,0,1,2,2,1,2
"627",0,1,0,0,0,2,2,2,2
"628",1,0,2,0,2,0,2,2,2
"629",2,0,2,1,1,2,0,2,2
"630",0,0,0,1,1,0,2,2,2
"631",1,0,1,1,1,0,0,2,2
"632",0,0,0,2,1,0,1,0,2
"633",0,0,0,0,1,1,0,2,2
"634",2,0,1,1,1,1,2,2,2
"635",0,0,1,0,1,2,2,2,2
"636",0,0,2,0,0,2,2,2,2
"637",0,0,1,1,1,1,2,2,2
"638",0,2,0,0,2,0,2,2,2
"639",1,0,2,1,0,1,2,2,2
"640",0,0,0,1,2,1,0,2,1
"641",0,1,2,0,0,2,2,2,2
"642",1,0,0,1,2,2,2,2,2
"643",0,0,0,2,2,0,2,1,2
"644",0,0,0,1,0,1,2,2,2
"645",0,0,0,2,1,1,0,2,2
"646",0,0,0,1,1,1,0,2,2
"647",0,2,1,0,1,1,0,2,2
"648",0,1,2,2,2,2,0,2,2
"649",0,1,0,0,2,1,2,2,2
"650",0,0,1,1,2,1,1,1,2
"651",0,1,0,1,0,1,2,2,2
"652",0,0,2,1,0,2,2,1,2
"653",1,0,0,0,2,1,1,2,2
"654",0,0,0,1,0,1,2,0,2
"655",1,1,0,0,2,0,1,2,2
"656",0,0,0,0,1,2,1,1,2
"657",1,1,0,0,2,2,2,1,2
"658",0,0,2,1,1,0,0,2,2
"659",0,0,0,0,0,1,1,2,2
"660",0,1,0,0,2,0,0,2,2
"661",0,0,1,2,2,2,2,1,2
"662",0,0,2,1,2,0,0,1,2
"663",0,0,0,0,2,2,0,2,2
"664",1,0,0,1,0,2,1,2,1
"665",0,0,1,0,2,0,2,2,2
"666",1,0,0,0,1,1,1,1,2
"667",0,1,1,2,2,2,0,2,1
"668",0,0,0,0,2,1,2,2,2
"669",0,0,1,2,1,1,0,2,2
"670",0,1,0,1,2,0,0,2,2
"671",0,0,0,0,1,0,2,1,2
"672",0,0,1,1,2,0,2,0,2
"673",0,0,0,2,0,2,1,2,2
"674",0,0,2,0,0,2,0,2,2
"675",0,0,0,1,0,0,2,0,2
"676",0,2,0,0,1,1,1,2,2
"677",0,1,2,2,2,1,0,1,2
"678",0,0,1,0,2,1,2,2,2
"679",1,2,1,0,2,2,2,0,2
"680",0,0,1,0,0,0,1,1,2
"681",1,0,0,2,0,1,0,2,2
"682",0,1,0,1,2,1,1,1,2
"683",0,0,0,2,2,0,2,2,1
"684",0,2,0,0,0,2,2,2,2
"685",0,1,0,1,2,2,2,2,2
"686",0,1,1,2,0,0,1,2,2
"687",0,2,1,0,2,2,1,1,2
"688",0,0,2,2,2,1,1,2,2
"689",1,0,0,0,0,2,2,2,2
"690",0,2,0,0,2,0,0,0,2
"691",0,2,0,1,0,2,2,2,2
"692",0,0,0,0,1,2,2,2,2
"693",0,0,0,2,2,1,2,1,2
"694",0,0,0,0,2,0,2,2,2
"695",1,1,0,1,1,0,2,0,2
"696",0,2,1,1,0,0,2,2,0
"697",0,0,0,0,1,1,2,2,2
"698",1,0,2,0,2,0,2,2,1
"699",0,1,2,0,1,0,1,2,2
"700",0,0,1,2,0,0,2,2,2
"701",0,1,0,2,0,2,1,1,0
"702",0,1,0,0,0,2,0,2,2
"703",0,0,0,0,1,2,2,1,2
"704",0,2,0,2,1,0,2,2,2
"705",0,1,1,0,0,0,1,2,2
"706",0,0,0,1,2,0,1,2,2
"707",0,1,0,2,0,2,0,2,2
"708",0,1,2,0,2,1,2,2,1
"709",1,0,1,0,1,2,2,2,2
"710",0,2,0,1,2,1,1,2,2
"711",0,0,0,1,0,2,1,2,2
"712",2,0,0,2,0,2,2,2,2
"713",0,0,0,0,2,1,2,2,2
"714",0,0,0,1,1,0,0,2,2
"715",0,0,0,0,1,2,2,2,2
"716",2,0,0,1,1,0,1,0,2
"717",0,0,0,0,0,2,2,1,2
"718",2,0,1,2,0,1,1,2,2
"719",0,0,0,0,0,2,2,2,2
"720",0,1,2,1,1,1,2,2,0
"721",0,0,0,1,1,0,0,1,2
"722",0,1,0,2,2,1,1,2,2
"723",0,0,1,1,2,1,2,2,2
"724",0,0,1,2,2,2,1,2,2
"725",0,1,1,2,0,0,1,0,2
"726",0,0,1,2,2,2,1,2,2
"727",0,0,0,2,2,2,2,2,2
"728",1,0,2,2,0,2,1,0,2
"729",0,0,0,0,0,1,2,2,2
"730",0,0,0,2,2,1,1,2,1
"731",0,0,1,2,1,1,1,2,2
"732",0,0,0,0,0,1,1,2,2
"733",0,0,1,1,2,0,2,2,2
"734",0,1,1,2,2,0,2,2,2
"735",0,0,2,2,0,2,1,0,2
"736",0,0,1,1,2,0,1,1,1
"737",1,0,1,2,1,0,1,2,1
"738",0,2,0,1,0,0,0,2,2
"739",0,0,0,0,0,0,0,1,2
"740",0,0,0,2,2,2,0,1,2
"741",0,1,0,0,0,1,1,1,2
"742",0,1,0,2,2,2,0,2,2
"743",0,0,1,2,1,1,2,2,2
"744",1,0,2,0,1,0,1,1,2
"745",0,0,1,0,2,0,2,2,2
"746",1,0,0,2,1,2,1,2,2
"747",0,0,0,1,1,2,0,2,2
"748",0,0,2,0,0,2,1,2,2
"749",0,1,1,1,2,2,1,2,1
"750",1,0,1,0,2,1,1,1,2
"751",0,0,2,0,1,1,1,1,2
"752",0,0,0,1,0,2,1,2,2
"753",0,0,1,0,1,1,2,2,2
"754",0,1,0,2,1,1,2,1,2
"755",0,0,0,1,1,0,1,2,2
"756",0,0,0,0,1,1,2,2,1
"757",0,0,1,2,2,2,2,1,2
"758",0,2,0,0,2,2,1,0,1
"759",0,1,0,0,1,2,2,1,2
"760",0,1,0,0,0,1,1,1,2
"761",2,0,1,0,1,1,1,1,2
"762",0,2,0,0,2,1,2,2,2
"763",0,2,0,1,1,1,1,2,0
"764",0,0,0,0,1,1,2,0,2
"765",1,1,2,2,1,2,2,0,1
"766",0,0,0,1,1,2,0,1,2
"767",0,2,0,0,2,2,2,1,1
"768",0,0,0,1,1,2,1,2,2
"769",1,2,1,1,1,2,2,2,1
"770",0,1,2,0,1,1,2,2,2
"771",0,1,0,0,1,2,1,2,2
"772",0,0,1,2,0,0,2,2,2
"773",0,0,0,0,0,0,2,2,2
"774",0,0,0,1,0,2,2,0,2
"775",0,0,1,1,1,1,1,0,2
"776",0,2,0,2,1,1,2,2,2
"777",0,0,0,0,1,2,2,2,2
"778",0,2,1,0,1,2,0,2,1
"779",0,0,1,2,1,2,2,1,2
"780",1,0,0,0,1,2,2,1,2
"781",0,1,0,0,1,2,2,2,2
"782",0,0,1,0,0,1,2,1,1
"783",0,2,1,0,1,1,1,2,2
"784",0,1,1,1,2,0,2,0,2
"785",0,0,0,1,0,2,2,0,2
"786",0,0,0,1,1,2,1,0,1
"787",0,0,0,0,1,2,2,2,2
"788",0,0,1,0,2,2,2,2,2
"789",0,1,2,1,0,1,2,1,1
"790",0,0,0,0,1,2,2,2,2
"791",0,0,0,0,2,1,1,0,2
"792",2,0,0,0,2,1,1,2,2
"793",1,1,2,1,2,1,2,2,2
"794",0,1,1,1,0,2,2,0,1
"795",0,1,0,1,1,2,1,2,2
"796",0,1,0,2,0,0,1,2,2
"797",0,1,0,2,0,2,1,1,2
"798",1,0,0,2,0,1,1,2,2
"799",1,0,1,0,0,2,1,2,2
"800",0,0,0,2,1,0,1,2,1
"801",1,0,0,0,1,2,2,2,2
"802",1,0,0,0,1,1,0,2,2
"803",1,1,0,0,1,2,2,2,2
"804",1,1,2,1,1,0,2,1,2
"805",0,0,1,0,1,2,2,1,1
"806",0,1,0,0,1,1,2,1,2
"807",0,0,0,2,2,0,2,2,2
"808",2,0,0,0,1,2,0,2,2
"809",1,2,1,0,1,1,2,1,2
"810",0,1,1,2,0,2,2,2,2
"811",0,0,2,1,2,2,1,2,2
"812",0,0,0,1,2,0,2,1,2
"813",0,0,0,1,1,1,0,2,2
"814",0,0,0,0,0,0,1,2,2
"815",0,0,0,1,2,1,0,0,1
"816",2,0,0,1,0,1,0,2,2
"817",0,0,0,2,1,2,0,1,2
"818",0,0,1,0,2,1,2,1,2
"819",0,1,2,0,2,2,2,2,2
"820",0,0,0,0,0,2,1,1,1
"821",0,0,0,0,0,1,1,2,2
"822",0,0,0,1,2,2,2,2,2
"823",0,1,1,1,0,2,2,2,2
"824",1,0,0,0,2,0,2,2,2
"825",0,1,0,1,2,2,1,2,1
"826",0,1,1,0,2,0,2,2,2
"827",1,1,1,0,2,1,2,2,2
"828",0,0,1,0,1,2,2,0,1
"829",0,1,0,2,0,1,2,1,2
"830",0,0,0,2,2,0,1,2,2
"831",0,0,2,2,2,0,2,2,2
"832",0,0,0,1,2,0,2,2,1
"833",0,0,1,0,1,2,1,0,2
"834",0,1,1,0,0,1,1,1,2
"835",0,0,0,2,1,2,2,2,2
"836",0,1,1,0,1,0,2,2,2
"837",0,0,2,0,2,2,0,1,2
"838",0,0,0,0,0,2,1,1,2
"839",0,1,0,0,0,2,0,1,1
"840",0,0,0,2,0,2,2,1,2
"841",0,0,0,1,1,0,2,2,2
"842",0,0,1,2,0,2,2,1,2
"843",1,0,0,2,1,1,1,2,1
"844",0,0,2,0,1,1,2,2,2
"845",0,1,1,0,2,1,1,2,2
"846",0,0,0,0,1,2,1,2,2
"847",2,0,1,0,2,1,1,2,2
"848",0,2,0,0,1,2,1,2,2
"849",0,0,0,1,2,1,1,1,2
"850",0,0,2,0,0,2,2,2,2
"851",0,0,0,0,1,0,2,2,2
"852",0,0,2,2,2,1,1,1,2
"853",1,0,1,1,2,2,1,2,2
"854",0,0,2,0,0,0,1,1,2
"855",0,0,1,1,0,0,0,2,2
"856",0,0,0,0,1,0,1,1,2
"857",0,1,2,0,2,2,2,2,1
"858",0,0,2,2,0,0,0,2,2
"859",0,0,2,0,0,0,1,2,1
"860",0,0,1,0,1,2,1,2,2
"861",1,1,1,2,1,2,2,2,2
"862",0,1,2,0,0,0,2,2,1
"863",0,0,0,0,2,1,1,0,2
"864",0,0,0,1,0,2,2,0,2
"865",0,0,2,0,2,2,2,1,2
"866",0,0,0,0,1,2,2,1,2
"867",0,1,0,2,1,2,2,1,2
"868",0,0,0,1,0,1,2,1,2
"869",0,1,0,1,1,1,1,1,2
"870",0,1,0,2,1,2,2,1,2
"871",0,1,0,1,0,1,0,2,2
"872",0,0,0,0,1,1,2,2,2
"873",0,2,0,0,2,1,0,2,1
"874",0,0,0,2,1,2,1,2,1
"875",0,0,1,1,2,1,2,1,0
"876",0,1,0,1,1,2,2,2,2
"877",0,0,0,2,2,0,1,1,2
"878",0,0,2,2,0,2,1,2,2
"879",0,0,2,0,1,1,2,1,2
"880",0,0,1,1,2,0,2,1,2
"881",0,0,0,1,0,2,1,2,2
"882",2,2,0,2,1,2,2,2,2
"883",0,0,1,2,2,2,2,1,2
"884",0,2,0,2,1,1,1,1,2
"885",0,0,1,2,1,0,1,1,2
"886",0,1,0,0,0,1,2,2,2
"887",0,0,0,1,2,2,2,0,2
"888",0,0,0,1,0,0,0,2,2
"889",0,0,1,1,1,2,2,2,2
"890",0,1,0,1,2,2,0,1,2
"891",0,0,0,0,1,1,2,2,2
"892",0,2,0,1,1,0,2,1,2
"893",0,0,2,0,2,1,2,1,2
"894",0,0,1,0,0,2,1,0,2
"895",0,0,2,1,2,1,0,0,2
"896",0,0,0,2,2,2,1,0,2
"897",0,0,1,0,1,0,2,2,2
"898",0,0,0,0,0,2,0,1,2
"899",0,0,2,0,1,2,2,2,2
"900",0,1,0,1,1,2,2,2,2
"901",0,1,0,2,2,1,2,2,2
"902",0,0,0,2,1,1,2,2,2
"903",0,1,0,1,0,2,2,2,2
"904",0,0,0,0,0,1,2,2,2
"905",0,0,0,1,2,0,2,1,2
"906",0,0,0,1,1,0,1,2,2
"907",0,0,1,0,2,0,2,0,2
"908",0,0,0,0,1,2,0,2,2
"909",0,0,0,0,2,1,1,1,2
"910",0,0,0,2,1,2,2,2,2
"911",0,0,2,2,0,2,1,2,2
"912",0,0,1,1,0,2,2,2,2
"913",0,0,0,2,0,0,0,0,2
"914",0,0,1,0,1,2,2,2,2
"915",0,0,0,0,2,0,2,1,2
"916",0,0,2,0,0,0,1,2,2
"917",0,1,0,1,2,1,2,2,2
"918",0,0,2,1,0,2,1,2,2
"919",0,0,1,1,1,0,2,2,2
"920",0,1,0,1,1,1,2,2,2
"921",0,1,1,0,1,2,1,2,2
"922",0,0,0,0,1,2,2,2,2
"923",0,0,0,0,1,2,0,2,2
"924",0,0,1,1,1,0,1,1,2
"925",0,1,0,1,2,2,2,0,1
"926",1,0,1,1,0,0,1,1,2
"927",0,0,0,1,2,0,2,2,2
"928",0,1,0,0,2,2,2,2,2
"929",0,0,1,2,1,1,0,2,2
"930",0,1,0,2,2,1,2,2,1
"931",0,0,1,1,0,1,0,2,2
"932",0,0,0,1,2,1,0,0,2
"933",0,0,0,0,2,2,2,2,0
"934",0,0,1,1,0,0,2,2,2
"935",0,1,1,1,0,0,2,2,2
"936",0,0,0,2,2,0,2,2,2
"937",0,0,0,2,0,0,2,2,2
"938",0,1,1,1,0,0,0,2,2
"939",1,1,1,1,2,2,1,0,2
"940",1,1,0,1,0,2,2,0,1
"941",0,0,0,0,2,1,2,2,2
"942",1,0,0,0,0,1,2,2,1
"943",1,0,0,1,0,0,2,2,2
"944",1,0,1,1,0,1,2,2,2
"945",0,0,1,0,0,2,0,2,1
"946",0,0,2,1,1,0,2,2,1
"947",0,0,0,1,0,1,2,1,2
"948",1,0,0,0,1,2,2,2,2
"949",1,0,1,1,2,0,2,2,2
"950",0,0,2,0,1,1,2,1,2
"951",0,1,0,0,1,1,0,2,2
"952",0,0,0,2,2,1,0,2,2
"953",0,0,2,1,0,1,2,2,0
"954",0,0,2,2,1,0,1,2,1
"955",0,1,2,0,1,2,2,2,2
"956",0,0,0,2,1,2,2,2,2
"957",0,0,1,2,1,2,2,1,0
"958",0,0,0,2,1,0,1,2,2
"959",1,1,2,1,1,0,0,2,2
"960",0,2,1,2,0,0,2,2,2
"961",0,0,2,1,1,2,2,0,2
"962",0,1,0,2,1,2,0,2,2
"963",0,0,2,0,1,2,2,1,2
"964",1,2,1,0,0,2,1,0,2
"965",0,2,0,0,2,1,2,0,1
"966",0,0,2,1,2,1,2,1,2
"967",0,0,0,2,2,1,1,1,2
"968",1,0,1,0,0,1,1,2,2
"969",0,0,1,0,2,0,2,2,2
"970",0,0,0,1,1,1,1,2,2
"971",0,2,0,0,1,2,1,2,2
"972",0,0,0,0,2,0,0,2,2
"973",0,1,1,2,2,1,1,2,2
"974",0,0,0,2,2,2,2,2,1
"975",0,0,1,1,2,2,2,2,2
"976",0,2,0,1,0,2,2,2,2
"977",0,0,0,2,0,2,1,2,2
"978",0,0,0,0,2,2,0,2,2
"979",0,0,1,0,2,0,1,2,2
"980",0,0,1,1,1,0,2,1,2
"981",0,0,1,2,2,1,0,1,2
"982",1,0,1,1,2,0,0,2,2
"983",0,0,1,2,2,1,1,1,2
"984",0,0,1,2,2,1,2,2,2
"985",0,0,0,2,1,2,2,1,2
"986",0,0,0,0,1,1,2,2,2
"987",0,0,0,2,2,1,0,2,2
"988",0,1,0,1,0,2,2,2,2
"989",0,1,2,0,2,0,1,2,2
"990",0,1,2,0,2,0,0,2,2
"991",2,0,1,1,1,0,2,2,2
"992",0,2,0,0,1,2,1,1,2
"993",0,2,0,0,0,2,2,2,2
"994",0,1,0,2,2,2,2,2,2
"995",0,0,0,1,2,0,2,1,2
"996",0,1,2,2,0,1,2,2,0
"997",0,2,2,1,1,2,1,1,2
"998",1,0,0,0,2,2,1,2,2
"999",0,1,1,2,2,2,2,2,2
"1000",2,0,0,0,1,1,1,2,2
